DIA  , DESAYUNO  , COLACION_MATUTINA  , COMIDA_ENTRADA  , COMIDA_ENTRADA  , COMIDA_PRINCIPAL  , COMIDA_PRINCIPAL  , COLACION_VESPERTINA  , CENA  , EQUIVALENTEAZUCARESCONGRASA , EQUIVALENTEAZUCARESSINGRASA , EQUIVALENTEACEITESYGRASASCONPROTEINAS , EQUIVALENTEACEITESYGRASAS , CALCIOMG , EQUIVALENTEVERDURAS , COLESTEROLMG , EQUIVALENTEAOAMUYBAJOSENGRASA , SODIOMG , AGSATURADOSG , KILOCALORIAS , EQUIVALENTEAOAALTOENGRASA , FIBRAG , HIERROMG , EQUIVALENTEFRUTAS , EQUIVALENTELEGUMINOSAS , EQUIVALENTECEREALESSINGRASA , EQUIVALENTELECHEENTERA , EQUIVALENTECEREALESCONGRASA , EQUIVALENTELECHECONAZUCAR , ACIDOFOLICOG , EQUIVALENTEAOABAJOENGRASA , EQUIVALENTEAOAMODERADOSENGRASA
1 , 38 , 87 , 122 , 118 , 168 , 181 , 200 , 256 , " (0,0) [0,1] " , " (2.71667,2.71667) [3,4] " , " (2,2) [1,2] " , " (1.8,2.7) [3,4] " , " (631.21,777.96) [42000,72800] " , " (3.65,2.86667) [1,3] " , " (153.9,140.75) [50,455] " , " (4.66667,2.5) [1,2] " , " (2695.01,1861.81) [1000,4000] " , " (2.38,5.04) [0,7] " , " (2296.72,2143.07) [2000,2350] " , " (2.06667,2.73333) [1,2] " , " (44.2367,37.6167) [15,30] " , " (15.3333,16.3167) [616,1008] " , " (3.45,3.45) [2,4] " , " (2,1) [1,2] " , " (14.7,14.7) [8,9] " , " (0,0) [1,2] " , " (0.666667,0.666667) [2,3] " , " (0,0) [0,1] " , " (186.482,201.872) [8400,44800] " , " (0.25,0.25) [1,2] " , " (0,0) [1,2] "
2 , 42 , 102 , 129 , 121 , 148 , 142 , 202 , 287 , " (1,1) [0,1] " , " (1.33333,1.33333) [3,4] " , " (1,1) [1,2] " , " (6.43333,3.26667) [3,4] " , " (583.63,653.05) [42000,72800] " , " (5.37667,4.91) [1,3] " , " (288.218,218.442) [50,455] " , " (5,5) [1,2] " , " (3242.44,3105.77) [1000,4000] " , " (7.32,3.27) [0,7] " , " (2255.86,2151.35) [2000,2350] " , " (1.46667,0.666667) [1,2] " , " (22.9975,32.101) [15,30] " , " (12.0467,12.5667) [616,1008] " , " (2.625,2.7) [2,4] " , " (0.5,1.57143) [1,2] " , " (10.75,11.5) [8,9] " , " (0.95,0.95) [1,2] " , " (0,0) [2,3] " , " (0,0) [0,1] " , " (207.528,191.388) [8400,44800] " , " (4.25,4) [1,2] " , " (0.1,0) [1,2] "
3 , 20 , 89 , 124 , 117 , 152 , 165 , 199 , 293 , " (0,0) [0,1] " , " (2.16667,2.16667) [3,4] " , " (2.90476,3.83333) [1,2] " , " (3.91667,5.05) [3,4] " , " (760.42,724.077) [42000,72800] " , " (4.90833,3.90833) [1,3] " , " (199.158,244.592) [50,455] " , " (0,3) [1,2] " , " (2586.92,2435.55) [1000,4000] " , " (11.7857,10.94) [0,7] " , " (2156,2293.04) [2000,2350] " , " (1.83333,1.16667) [1,2] " , " (44.6892,41.4092) [15,30] " , " (14.11,12.1005) [616,1008] " , " (2.5,2.16667) [2,4] " , " (3,3) [1,2] " , " (9.3,9.8) [8,9] " , " (0.75,0.75) [1,2] " , " (0,0) [2,3] " , " (0,0) [0,1] " , " (224.782,165.63) [8400,44800] " , " (2.5,1.5) [1,2] " , " (1.66667,1.95238) [1,2] "
4 , 46 , 93 , 127 , 135 , 148 , 147 , 234 , 263 , " (0,0) [0,1] " , " (3.16667,3.33333) [3,4] " , " (2,2) [1,2] " , " (3.83333,2.75) [3,4] " , " (1552.73,1676.76) [42000,72800] " , " (7.725,6.325) [1,3] " , " (266.762,219.443) [50,455] " , " (3,2) [1,2] " , " (3073.38,3562.83) [1000,4000] " , " (6.85,8.35) [0,7] " , " (2341.11,2195.96) [2000,2350] " , " (3.46667,2.66667) [1,2] " , " (32.25,30.3625) [15,30] " , " (7.71833,9.33833) [616,1008] " , " (5.25,5.575) [2,4] " , " (1,1) [1,2] " , " (5.25,6.5) [8,9] " , " (1.55,1.6) [1,2] " , " (0,0) [2,3] " , " (0,0) [0,1] " , " (228.978,204.685) [8400,44800] " , " (3.5,3.25) [1,2] " , " (0.2,0.1) [1,2] "
5 , 43 , 81 , 135 , 128 , 160 , 137 , 214 , 267 , " (0,0) [0,1] " , " (3.66667,3) [3,4] " , " (1.5,1.5) [1,2] " , " (7.41667,6) [3,4] " , " (923.167,921.667) [42000,72800] " , " (3.41667,2.73333) [1,3] " , " (248.725,247.158) [50,455] " , " (5.33333,3.33333) [1,2] " , " (2460.04,2721.29) [1000,4000] " , " (10.5,5.7) [0,7] " , " (2097.56,2154.42) [2000,2350] " , " (1.16667,1.16667) [1,2] " , " (17.5489,25.0722) [15,30] " , " (9.07333,8.97333) [616,1008] " , " (3.77941,3.88235) [2,4] " , " (0,1.28571) [1,2] " , " (8.7,8.2) [8,9] " , " (1.25,1.25) [1,2] " , " (2,2) [2,3] " , " (0,0) [0,1] " , " (269.238,257.549) [8400,44800] " , " (0.5,2.5) [1,2] " , " (0,0) [1,2] "
6 , 38 , 104 , 131 , 118 , 148 , 153 , 219 , 239 , " (0,0) [0,1] " , " (1.16667,1.16667) [3,4] " , " (2,3.33333) [1,2] " , " (8.5,6.33333) [3,4] " , " (602.68,696) [42000,72800] " , " (4.34333,3.31667) [1,3] " , " (277.73,187.253) [50,455] " , " (6,3) [1,2] " , " (2636.7,2448.26) [1000,4000] " , " (16.45,15.6) [0,7] " , " (2324.43,2280.19) [2000,2350] " , " (1.13333,0.333333) [1,2] " , " (36.3842,36.7624) [15,30] " , " (9.50667,12.1267) [616,1008] " , " (5.125,5.5) [2,4] " , " (1.5,1.57143) [1,2] " , " (10.25,13) [8,9] " , " (0.2,0.2) [1,2] " , " (0.666667,0.666667) [2,3] " , " (0,0) [0,1] " , " (191.549,226.517) [8400,44800] " , " (0.25,0) [1,2] " , " (0.3,0.2) [1,2] "
7 , 52 , 80 , 123 , 120 , 178 , 169 , 225 , 266 , " (0,0) [0,1] " , " (2.16667,2.16667) [3,4] " , " (0,0) [1,2] " , " (11.95,10.0333) [3,4] " , " (724.798,713.761) [42000,72800] " , " (4.08333,4.99333) [1,3] " , " (254.076,245.499) [50,455] " , " (3.4,1.56667) [1,2] " , " (2384.06,2321.42) [1000,4000] " , " (22.22,17.07) [0,7] " , " (2238.48,2185.05) [2000,2350] " , " (0,0) [1,2] " , " (26.8571,29.8352) [15,30] " , " (11.214,11.8847) [616,1008] " , " (3.11961,3.45784) [2,4] " , " (0,0) [1,2] " , " (11.54,10.8833) [8,9] " , " (0.25,0.25) [1,2] " , " (2.5,2.5) [2,3] " , " (0,0) [0,1] " , " (261.669,331.656) [8400,44800] " , " (2.25,4.25) [1,2] " , " (0.31,0.21) [1,2] "
8 , 40 , 90 , 132 , 133 , 164 , 187 , 232 , 260 , " (2,0) [0,1] " , " (1.66667,1.66667) [3,4] " , " (2,2) [1,2] " , " (4,4.66667) [3,4] " , " (1062.55,1143.63) [42000,72800] " , " (2.14167,3.58333) [1,3] " , " (205.875,216.772) [50,455] " , " (2,5) [1,2] " , " (1658.19,1992.27) [1000,4000] " , " (5.6,7.21) [0,7] " , " (2378.92,2313.67) [2000,2350] " , " (0,0) [1,2] " , " (32.5512,34.01) [15,30] " , " (9.575,10.715) [616,1008] " , " (4,3.33333) [2,4] " , " (1.78571,1.5) [1,2] " , " (11,12.1) [8,9] " , " (1.75,1.95) [1,2] " , " (1.2,1.2) [2,3] " , " (0,0) [0,1] " , " (116.287,175.572) [8400,44800] " , " (2.75,0.75) [1,2] " , " (0,0) [1,2] "
9 , 45 , 90 , 121 , 135 , 157 , 155 , 200 , 244 , " (0,0) [0,1] " , " (2.5,2.5) [3,4] " , " (1,1) [1,2] " , " (5.45,5.61667) [3,4] " , " (285.43,280.65) [42000,72800] " , " (6.13333,6.15) [1,3] " , " (169.51,211.967) [50,455] " , " (7,4) [1,2] " , " (2178.99,2233.11) [1000,4000] " , " (3.06,7.36) [0,7] " , " (2000.09,1951.15) [2000,2350] " , " (0.666667,0.666667) [1,2] " , " (30.3176,26.8267) [15,30] " , " (8.24667,8.11667) [616,1008] " , " (3.4,3.15) [2,4] " , " (0.571429,0) [1,2] " , " (12.75,12.5) [8,9] " , " (0,0) [1,2] " , " (0,0) [2,3] " , " (0,0) [0,1] " , " (164.367,319.363) [8400,44800] " , " (0,3) [1,2] " , " (0.1,0) [1,2] "
10 , 29 , 96 , 135 , 125 , 158 , 180 , 228 , 248 , " (0,1) [0,1] " , " (1.21667,1.21667) [3,4] " , " (1,1) [1,2] " , " (2.76667,3.1) [3,4] " , " (776.5,848.05) [42000,72800] " , " (2.15,1.66667) [1,3] " , " (432.932,410.715) [50,455] " , " (4.6,3.1) [1,2] " , " (3530.88,3073.54) [1000,4000] " , " (5.37,3.57) [0,7] " , " (1989.13,2047.18) [2000,2350] " , " (1,1) [1,2] " , " (32.4325,26.8058) [15,30] " , " (31.23,30.255) [616,1008] " , " (3.79167,3.125) [2,4] " , " (1.5,1.5) [1,2] " , " (9.5,10.5) [8,9] " , " (0.75,0.75) [1,2] " , " (2,2) [2,3] " , " (0,0) [0,1] " , " (162.902,157.227) [8400,44800] " , " (0,0.25) [1,2] " , " (1.5,1.5) [1,2] "
11 , 46 , 103 , 127 , 125 , 169 , 176 , 201 , 284 , " (0,0) [0,1] " , " (1.16667,1.16667) [3,4] " , " (0,0) [1,2] " , " (6.41667,8.41667) [3,4] " , " (1326.92,1526.05) [42000,72800] " , " (5.075,2.75833) [1,3] " , " (209.652,195.077) [50,455] " , " (2,4.25) [1,2] " , " (2608.89,2085.14) [1000,4000] " , " (7.6,10.4) [0,7] " , " (2376.99,2449.92) [2000,2350] " , " (1,1) [1,2] " , " (37.8318,33.2833) [15,30] " , " (12.565,12.865) [616,1008] " , " (3.58824,3.2) [2,4] " , " (2.5,2.5) [1,2] " , " (14,15) [8,9] " , " (1.15,1.15) [1,2] " , " (0,0) [2,3] " , " (0,0) [0,1] " , " (276.199,163.262) [8400,44800] " , " (3.25,1.75) [1,2] " , " (0.1,0.1) [1,2] "
12 , 66 , 108 , 128 , 119 , 167 , 149 , 199 , 251 , " (0,0) [0,1] " , " (1.5,1.5) [3,4] " , " (1.16667,1.5) [1,2] " , " (9.08333,4.75) [3,4] " , " (987.353,950.021) [42000,72800] " , " (5.00833,5.06667) [1,3] " , " (364.802,297.551) [50,455] " , " (2,3.71429) [1,2] " , " (3406.34,3133.64) [1000,4000] " , " (8.2,6) [0,7] " , " (2462.23,2416.7) [2000,2350] " , " (3.16667,3.16667) [1,2] " , " (25.3852,33.984) [15,30] " , " (12.0733,11.5569) [616,1008] " , " (2.91,2.91) [2,4] " , " (0.945714,2.16) [1,2] " , " (8.625,8.9) [8,9] " , " (0.85,0.75) [1,2] " , " (0,0) [2,3] " , " (0.8,0.8) [0,1] " , " (196.817,165.155) [8400,44800] " , " (2,0) [1,2] " , " (1.6,1.75) [1,2] "
13 , 22 , 91 , 136 , 120 , 140 , 148 , 193 , 264 , " (0,0) [0,1] " , " (1.66667,1.66667) [3,4] " , " (1,1) [1,2] " , " (5.91667,5.08333) [3,4] " , " (812,708.893) [42000,72800] " , " (3.995,5.135) [1,3] " , " (413.787,423.563) [50,455] " , " (2,5.66667) [1,2] " , " (3271.99,3096.19) [1000,4000] " , " (15.5,8.15) [0,7] " , " (2336.26,2281.42) [2000,2350] " , " (4.66667,5.46667) [1,2] " , " (23.7237,22.2338) [15,30] " , " (10.8367,9.75333) [616,1008] " , " (2.36667,2.29167) [2,4] " , " (0.571429,0) [1,2] " , " (10.7,9.08333) [8,9] " , " (1.2,1.2) [1,2] " , " (0,0) [2,3] " , " (0,0) [0,1] " , " (137.771,153.886) [8400,44800] " , " (2,0.25) [1,2] " , " (0.2,0.3) [1,2] "
14 , 23 , 106 , 118 , 135 , 170 , 178 , 198 , 249 , " (0,0) [0,1] " , " (2.16667,2.16667) [3,4] " , " (0.466667,0.466667) [1,2] " , " (4.5,8.16667) [3,4] " , " (836.125,828.775) [42000,72800] " , " (5.175,4.20833) [1,3] " , " (203.196,202.773) [50,455] " , " (5,3.5) [1,2] " , " (2510.04,2579.91) [1000,4000] " , " (1.9,7.6) [0,7] " , " (2486.46,2488.15) [2000,2350] " , " (0.666667,0.666667) [1,2] " , " (41.9616,40.1032) [15,30] " , " (10.7783,8.64427) [616,1008] " , " (2.35294,2.60294) [2,4] " , " (3,3) [1,2] " , " (11.354,10.644) [8,9] " , " (0.95,0.95) [1,2] " , " (4,4) [2,3] " , " (0,0) [0,1] " , " (146.22,161.941) [8400,44800] " , " (1,1) [1,2] " , " (0.11,0.21) [1,2] "
15 , 22 , 97 , 118 , 135 , 145 , 172 , 219 , 286 , " (0,0) [0,1] " , " (2.66667,2.66667) [3,4] " , " (1,1) [1,2] " , " (3.66667,5.33333) [3,4] " , " (749.266,755.251) [42000,72800] " , " (4.16667,5.11667) [1,3] " , " (341.081,433.848) [50,455] " , " (1,4) [1,2] " , " (3288.87,3392.31) [1000,4000] " , " (6.3,13.5) [0,7] " , " (2415.63,2333.51) [2000,2350] " , " (3.33333,3.33333) [1,2] " , " (30.35,25.025) [15,30] " , " (9.868,10.698) [616,1008] " , " (3.86667,3.66667) [2,4] " , " (1,0) [1,2] " , " (8.5,7.95) [8,9] " , " (1.2,1.2) [1,2] " , " (1,1) [2,3] " , " (0,0) [0,1] " , " (84.5517,175.862) [8400,44800] " , " (0,0) [1,2] " , " (4.21,2.21) [1,2] "
16 , 2 , 102 , 133 , 125 , 185 , 154 , 206 , 294 , " (0,0) [0,1] " , " (2.16667,2.16667) [3,4] " , " (0,0) [1,2] " , " (3.2,3) [3,4] " , " (621.6,675.9) [42000,72800] " , " (3.99333,4.16) [1,3] " , " (469.8,473) [50,455] " , " (0,0) [1,2] " , " (2938.17,2727.7) [1000,4000] " , " (1.34,1.2) [0,7] " , " (2060.98,2066.8) [2000,2350] " , " (0.666667,0.666667) [1,2] " , " (31.16,31.7267) [15,30] " , " (18.5667,19.5667) [616,1008] " , " (2.1,1.75) [2,4] " , " (1.5,1.5) [1,2] " , " (14.5,14) [8,9] " , " (0.5,0.5) [1,2] " , " (0,0) [2,3] " , " (0,0) [0,1] " , " (223.545,203.508) [8400,44800] " , " (3,4) [1,2] " , " (2.5,2.5) [1,2] "
17 , 32 , 86 , 127 , 134 , 158 , 176 , 208 , 269 , " (0,0) [0,1] " , " (3.16667,3.16667) [3,4] " , " (1.91667,1.91667) [1,2] " , " (2.9,7.9) [3,4] " , " (798.583,941.608) [42000,72800] " , " (6.86667,5.91667) [1,3] " , " (240.375,258.3) [50,455] " , " (3,2.25) [1,2] " , " (3321.75,3052.26) [1000,4000] " , " (3.12833,7.42833) [0,7] " , " (2350.46,2578.21) [2000,2350] " , " (0.666667,0.666667) [1,2] " , " (39.1473,32.904) [15,30] " , " (15.5717,14.7717) [616,1008] " , " (2.66667,2.2) [2,4] " , " (1,1) [1,2] " , " (12.4833,13.4833) [8,9] " , " (0.75,0.75) [1,2] " , " (2,2) [2,3] " , " (0,0) [0,1] " , " (403.633,410.544) [8400,44800] " , " (1,1.5) [1,2] " , " (2,2) [1,2] "
18 , 41 , 87 , 134 , 127 , 144 , 151 , 196 , 294 , " (0,0) [0,1] " , " (1.55,1.55) [3,4] " , " (0,0) [1,2] " , " (5.28333,3.53333) [3,4] " , " (417.38,538.68) [42000,72800] " , " (3.65,4.10333) [1,3] " , " (486.793,480.293) [50,455] " , " (0,0) [1,2] " , " (2658.37,2876.15) [1000,4000] " , " (6.34,5.34) [0,7] " , " (2108.73,2099.46) [2000,2350] " , " (1.73333,1.73333) [1,2] " , " (34.2733,42.2233) [15,30] " , " (14.5133,15.8133) [616,1008] " , " (2.4,2.9) [2,4] " , " (1,2) [1,2] " , " (12.2,12.2) [8,9] " , " (0.2,0.2) [1,2] " , " (0,0) [2,3] " , " (0,0) [0,1] " , " (178.737,203.547) [8400,44800] " , " (3.25,2.25) [1,2] " , " (2.6,2.6) [1,2] "
19 , 1 , 109 , 120 , 126 , 178 , 156 , 205 , 283 , " (0,0) [0,1] " , " (2.73333,2.73333) [3,4] " , " (0,0) [1,2] " , " (8.45,7.61667) [3,4] " , " (626.763,750.1) [42000,72800] " , " (3.07,3.75167) [1,3] " , " (242.11,217.467) [50,455] " , " (4.5,3.33333) [1,2] " , " (2883.49,2674.22) [1000,4000] " , " (5.86,9.76) [0,7] " , " (2066.93,2065.97) [2000,2350] " , " (1.66667,1.66667) [1,2] " , " (27.4263,38.0808) [15,30] " , " (10.761,11.8483) [616,1008] " , " (2.41667,2.66667) [2,4] " , " (1.5,2.5) [1,2] " , " (10.4233,9.2) [8,9] " , " (0,0) [1,2] " , " (0,0) [2,3] " , " (0,0) [0,1] " , " (183.247,296.533) [8400,44800] " , " (1.75,2.25) [1,2] " , " (2.1,2) [1,2] "
20 , 19 , 115 , 134 , 132 , 152 , 138 , 234 , 293 , " (0,0) [0,1] " , " (1.66667,1.66667) [3,4] " , " (3.40476,3.33333) [1,2] " , " (4.66667,3.65) [3,4] " , " (755.92,772.72) [42000,72800] " , " (2.86667,4.05) [1,3] " , " (433.492,403.225) [50,455] " , " (1,3) [1,2] " , " (2038.8,3113.68) [1000,4000] " , " (9.08571,6.66) [0,7] " , " (2141.97,2151.79) [2000,2350] " , " (1,0.333333) [1,2] " , " (40.9125,45.2087) [15,30] " , " (11.98,11.4633) [616,1008] " , " (3.45833,2.95833) [2,4] " , " (3,3.28571) [1,2] " , " (9.3,11.3) [8,9] " , " (0.75,0.75) [1,2] " , " (0,0) [2,3] " , " (0,0) [0,1] " , " (162.277,174.5) [8400,44800] " , " (2.5,0.5) [1,2] " , " (1.5,1.5) [1,2] "
21 , 9 , 87 , 131 , 133 , 158 , 167 , 206 , 290 , " (0,0) [0,1] " , " (4.71667,4.05) [3,4] " , " (0,0) [1,2] " , " (1.86667,7.2) [3,4] " , " (813.224,777.074) [42000,72800] " , " (3.81,4.09167) [1,3] " , " (238.641,309.834) [50,455] " , " (5.57143,2.57143) [1,2] " , " (3798.8,4347.31) [1000,4000] " , " (2.74,6.04) [0,7] " , " (2269.51,2448.94) [2000,2350] " , " (2.73333,2.73333) [1,2] " , " (41.55,33.2783) [15,30] " , " (16.4562,16.7262) [616,1008] " , " (2.63333,1.96667) [2,4] " , " (2,1.5) [1,2] " , " (10.2,10.925) [8,9] " , " (0.5,0.6) [1,2] " , " (3,3) [2,3] " , " (0,0) [0,1] " , " (72.9783,85.2283) [8400,44800] " , " (1.75,3.75) [1,2] " , " (0.1,0.2) [1,2] "
22 , 6 , 102 , 136 , 133 , 141 , 173 , 211 , 265 , " (0,0) [0,1] " , " (2.16667,2.16667) [3,4] " , " (0,0) [1,2] " , " (7.08333,5.41667) [3,4] " , " (843.38,742.28) [42000,72800] " , " (4.62667,4.135) [1,3] " , " (631.518,621.452) [50,455] " , " (5,5) [1,2] " , " (2904.72,2355.39) [1000,4000] " , " (12.75,7.85) [0,7] " , " (2392.22,2083.03) [2000,2350] " , " (1.33333,1.33333) [1,2] " , " (37.169,19.925) [15,30] " , " (13.5633,10.7633) [616,1008] " , " (3.06667,2.4) [2,4] " , " (2.07143,0) [1,2] " , " (12.1,12.1) [8,9] " , " (1.05,1.05) [1,2] " , " (0,0) [2,3] " , " (0,0) [0,1] " , " (134.873,139.397) [8400,44800] " , " (1.5,1.5) [1,2] " , " (2.1,2.1) [1,2] "
23 , 39 , 81 , 133 , 135 , 143 , 150 , 228 , 268 , " (0,0) [0,1] " , " (2,2) [3,4] " , " (1.5,1.5) [1,2] " , " (5.16667,5.66667) [3,4] " , " (639.37,678.59) [42000,72800] " , " (3.71,3.41667) [1,3] " , " (285.277,332.727) [50,455] " , " (5.66667,6.66667) [1,2] " , " (2440.96,2527.53) [1000,4000] " , " (4.7,10.1) [0,7] " , " (2330.49,2185.54) [2000,2350] " , " (0,0) [1,2] " , " (30.0192,17.6658) [15,30] " , " (11.3467,13.0467) [616,1008] " , " (4.79167,4.325) [2,4] " , " (1,0) [1,2] " , " (12.6,11.6) [8,9] " , " (0.9,1) [1,2] " , " (0.333333,0.333333) [2,3] " , " (0,0) [0,1] " , " (118.087,163.718) [8400,44800] " , " (0,0) [1,2] " , " (2.1,2.1) [1,2] "
24 , 10 , 106 , 134 , 130 , 180 , 172 , 198 , 278 , " (1,0) [0,1] " , " (2.66667,2.66667) [3,4] " , " (0.466667,0.466667) [1,2] " , " (5.5,4.5) [3,4] " , " (845.355,742.357) [42000,72800] " , " (4.54167,6.50833) [1,3] " , " (194.896,244.113) [50,455] " , " (2.5,4) [1,2] " , " (1858.91,2602.03) [1000,4000] " , " (4.8,4.4) [0,7] " , " (2165.7,2195.78) [2000,2350] " , " (1.16667,1.5) [1,2] " , " (21.5516,26.2699) [15,30] " , " (10.7433,12.6149) [616,1008] " , " (2.35294,2.35294) [2,4] " , " (0,0) [1,2] " , " (9.404,9.354) [8,9] " , " (0.75,0.75) [1,2] " , " (4,4) [2,3] " , " (0,0) [0,1] " , " (129.225,240.242) [8400,44800] " , " (2.41667,2.16667) [1,2] " , " (0.11,0.11) [1,2] "
25 , 26 , 88 , 123 , 135 , 161 , 158 , 223 , 273 , " (0.1,0.1) [0,1] " , " (1.66667,1.66667) [3,4] " , " (1,1) [1,2] " , " (7.46667,7.21667) [3,4] " , " (725.677,772.05) [42000,72800] " , " (3.54667,2.86333) [1,3] " , " (198.202,160.392) [50,455] " , " (1.33333,4.33333) [1,2] " , " (2262.28,2249.45) [1000,4000] " , " (12.65,12.1) [0,7] " , " (2078.23,1958.68) [2000,2350] " , " (1.15,1.15) [1,2] " , " (28.4553,30.9887) [15,30] " , " (14.6617,13.4417) [616,1008] " , " (3.25,3.66667) [2,4] " , " (1.5,1.5) [1,2] " , " (12.8667,12) [8,9] " , " (0,0) [1,2] " , " (0,0) [2,3] " , " (0,0) [0,1] " , " (247.75,201.025) [8400,44800] " , " (3.75,0.75) [1,2] " , " (0.1,0) [1,2] "
26 , 7 , 82 , 120 , 124 , 144 , 167 , 211 , 283 , " (0,0) [0,1] " , " (2.56667,1.9) [3,4] " , " (1.2,1.2) [1,2] " , " (3.75,8.33333) [3,4] " , " (835.013,994.25) [42000,72800] " , " (2.84333,3.14167) [1,3] " , " (612.15,655.543) [50,455] " , " (2.66667,2) [1,2] " , " (2637.43,3126.82) [1000,4000] " , " (2.3,5) [0,7] " , " (2045.4,2196.58) [2000,2350] " , " (1,1) [1,2] " , " (26.418,25.1016) [15,30] " , " (12.8317,14.315) [616,1008] " , " (2.88235,2.88235) [2,4] " , " (0.99,0.99) [1,2] " , " (8.53333,9.625) [8,9] " , " (1.2,1.3) [1,2] " , " (0,0) [2,3] " , " (0,0) [0,1] " , " (148.532,167.975) [8400,44800] " , " (4.75,3.75) [1,2] " , " (2,2.1) [1,2] "
27 , 38 , 89 , 121 , 122 , 141 , 160 , 203 , 253 , " (0,0) [0,1] " , " (1.16667,1.16667) [3,4] " , " (1,1) [1,2] " , " (3.25,2.5) [3,4] " , " (662.53,663.13) [42000,72800] " , " (5.54167,6.05833) [1,3] " , " (135.217,132.717) [50,455] " , " (4,3.66667) [1,2] " , " (3385.5,3268.59) [1000,4000] " , " (4,3.4) [0,7] " , " (2232.87,2073.76) [2000,2350] " , " (1.5,1.5) [1,2] " , " (62.8335,43.6308) [15,30] " , " (13.37,13.4033) [616,1008] " , " (2.33333,1.91667) [2,4] " , " (4.57143,2.5) [1,2] " , " (11,12.5) [8,9] " , " (0,0) [1,2] " , " (0.666667,0.666667) [2,3] " , " (0,0) [0,1] " , " (191.17,247.222) [8400,44800] " , " (0.5,0.5) [1,2] " , " (1.66667,1.66667) [1,2] "
28 , 19 , 105 , 122 , 121 , 180 , 139 , 205 , 237 , " (1,0) [0,1] " , " (1.66667,1.66667) [3,4] " , " (0,0) [1,2] " , " (4.5,4.5) [3,4] " , " (819.545,690.301) [42000,72800] " , " (2.72667,3.4275) [1,3] " , " (505.5,505.803) [50,455] " , " (5.41667,3.25) [1,2] " , " (2702.24,2382.93) [1000,4000] " , " (5.15,2.85) [0,7] " , " (2034.4,2225.94) [2000,2350] " , " (1,1) [1,2] " , " (26.1433,41.0296) [15,30] " , " (10.7733,10.0032) [616,1008] " , " (1.5,1.675) [2,4] " , " (1.5,3.07143) [1,2] " , " (11.3,10.3) [8,9] " , " (0.75,0.75) [1,2] " , " (0,0) [2,3] " , " (0,0) [0,1] " , " (87.9767,119.96) [8400,44800] " , " (0.25,0) [1,2] " , " (3.5,6.44118) [1,2] "
29 , 60 , 100 , 121 , 126 , 183 , 178 , 211 , 288 , " (0,0) [0,1] " , " (3.16667,3.16667) [3,4] " , " (0,0) [1,2] " , " (9.65,8.21667) [3,4] " , " (909.81,1032.96) [42000,72800] " , " (3.10833,4.53333) [1,3] " , " (330.36,259.336) [50,455] " , " (4.71429,4.21429) [1,2] " , " (2252.9,2107.63) [1000,4000] " , " (19.03,8.29) [0,7] " , " (2144.34,2208.16) [2000,2350] " , " (2.66667,2.66667) [1,2] " , " (18.886,16.5217) [15,30] " , " (7.72857,8.58457) [616,1008] " , " (1.2,1.25) [2,4] " , " (0.571429,0) [1,2] " , " (10,12.99) [8,9] " , " (1.7,1.7) [1,2] " , " (0,0) [2,3] " , " (0,0) [0,1] " , " (138.548,288.316) [8400,44800] " , " (0,0) [1,2] " , " (0,0.1) [1,2] "
30 , 51 , 91 , 117 , 133 , 155 , 142 , 227 , 276 , " (0,0) [0,1] " , " (2.83333,2.83333) [3,4] " , " (0.666667,0.666667) [1,2] " , " (5.88333,6.58333) [3,4] " , " (856.48,857.08) [42000,72800] " , " (6.24167,4.625) [1,3] " , " (261.318,188.218) [50,455] " , " (1,4) [1,2] " , " (2498.49,2430.38) [1000,4000] " , " (10.04,10.2) [0,7] " , " (2078.78,2111.99) [2000,2350] " , " (0.666667,0.666667) [1,2] " , " (24.2831,29.8664) [15,30] " , " (12.4967,12.0967) [616,1008] " , " (2.80476,3.00476) [2,4] " , " (0,1) [1,2] " , " (12,12.5) [8,9] " , " (0.75,0.75) [1,2] " , " (0,0) [2,3] " , " (0,0) [0,1] " , " (342.542,145.603) [8400,44800] " , " (5.83333,1.83333) [1,2] " , " (0.1,0.1) [1,2] "
31 , 59 , 84 , 120 , 129 , 171 , 141 , 195 , 279 , " (0,0) [0,1] " , " (0.666667,0.666667) [3,4] " , " (1,1) [1,2] " , " (4.13333,5.75) [3,4] " , " (501.847,524.133) [42000,72800] " , " (4.66833,3.88333) [1,3] " , " (221.605,181.112) [50,455] " , " (5,4.33333) [1,2] " , " (3923.12,4254.41) [1000,4000] " , " (2.44,3) [0,7] " , " (2013.94,2240.37) [2000,2350] " , " (1,1) [1,2] " , " (22.793,41.0267) [15,30] " , " (11.12,11.8333) [616,1008] " , " (2,2.66667) [2,4] " , " (1,3) [1,2] " , " (10.3,10.1667) [8,9] " , " (0,0) [1,2] " , " (3,3) [2,3] " , " (0,0) [0,1] " , " (263.872,173.627) [8400,44800] " , " (2.5,2.5) [1,2] " , " (0.571429,0.571429) [1,2] "
32 , 2 , 93 , 123 , 134 , 157 , 138 , 231 , 274 , " (0,0) [0,1] " , " (2.66667,2.66667) [3,4] " , " (0,0) [1,2] " , " (6.41667,3.15) [3,4] " , " (515.03,523.45) [42000,72800] " , " (6.16667,5.88333) [1,3] " , " (505.21,451.333) [50,455] " , " (3,2) [1,2] " , " (2836.45,3391.91) [1000,4000] " , " (7.25,1.26) [0,7] " , " (2152.58,2008.5) [2000,2350] " , " (2.66667,2.66667) [1,2] " , " (29.8867,32.9533) [15,30] " , " (16.03,16.15) [616,1008] " , " (3.25,3.33333) [2,4] " , " (1.5,1.5) [1,2] " , " (9.58333,10.3333) [8,9] " , " (0.7,0.7) [1,2] " , " (0,0) [2,3] " , " (0,0) [0,1] " , " (186.712,218.868) [8400,44800] " , " (1.5,1.5) [1,2] " , " (1.6,1.5) [1,2] "
33 , 46 , 106 , 118 , 128 , 165 , 160 , 188 , 283 , " (0,0) [0,1] " , " (2.06667,2.06667) [3,4] " , " (3.46667,2.46667) [1,2] " , " (4.16667,2.16667) [3,4] " , " (884.622,931.165) [42000,72800] " , " (3.56667,5.61667) [1,3] " , " (236.363,190.863) [50,455] " , " (4,3) [1,2] " , " (2413.53,2585.68) [1000,4000] " , " (5.9,4.5) [0,7] " , " (2336.17,2242.62) [2000,2350] " , " (1.66667,1.66667) [1,2] " , " (20.3478,27.549) [15,30] " , " (11.3104,12.0533) [616,1008] " , " (2,1.75) [2,4] " , " (1,1.28571) [1,2] " , " (7.604,8.604) [8,9] " , " (0.95,0.95) [1,2] " , " (4,4) [2,3] " , " (0,0) [0,1] " , " (73.3275,143.424) [8400,44800] " , " (1.75,1.75) [1,2] " , " (0.395714,0.11) [1,2] "
34 , 27 , 104 , 130 , 122 , 145 , 170 , 195 , 243 , " (0,0) [0,1] " , " (0.666667,0.666667) [3,4] " , " (1,1) [1,2] " , " (4.33333,4.33333) [3,4] " , " (983.683,988.417) [42000,72800] " , " (2.7,3.95) [1,3] " , " (256.824,333.557) [50,455] " , " (2,6.66667) [1,2] " , " (2574.95,3063.94) [1000,4000] " , " (6.8,6.8) [0,7] " , " (2234.62,2258.03) [2000,2350] " , " (1,0.666667) [1,2] " , " (36.3217,29.8517) [15,30] " , " (13.06,13.9767) [616,1008] " , " (3.2,3) [2,4] " , " (2.5,1.5) [1,2] " , " (11.1667,12.1667) [8,9] " , " (0.95,0.95) [1,2] " , " (0,0) [2,3] " , " (0,0) [0,1] " , " (179.125,228.535) [8400,44800] " , " (2.66667,2.66667) [1,2] " , " (2.77143,0.771429) [1,2] "
35 , 19 , 94 , 128 , 126 , 171 , 184 , 204 , 245 , " (1.33333,1.33333) [0,1] " , " (1.66667,1.66667) [3,4] " , " (1.25,1.25) [1,2] " , " (4.13333,5.16667) [3,4] " , " (673.48,771.08) [42000,72800] " , " (5.175,4.21667) [1,3] " , " (456.118,473.692) [50,455] " , " (5,4) [1,2] " , " (2669.98,2497.66) [1000,4000] " , " (3.015,7.275) [0,7] " , " (2189.59,2224.08) [2000,2350] " , " (0.333333,1) [1,2] " , " (33.6079,31.1583) [15,30] " , " (11.2333,12.04) [616,1008] " , " (2.5,2.7) [2,4] " , " (1.78571,1.5) [1,2] " , " (12.7,13.4) [8,9] " , " (0.75,0.75) [1,2] " , " (0,0) [2,3] " , " (0,0) [0,1] " , " (281.875,305.647) [8400,44800] " , " (0.5,0.5) [1,2] " , " (1.5,1.5) [1,2] "
36 , 76 , 111 , 130 , 128 , 181 , 161 , 201 , 249 , " (0,0) [0,1] " , " (1.66667,1.66667) [3,4] " , " (0,0) [1,2] " , " (5,4) [3,4] " , " (1116.64,969.847) [42000,72800] " , " (3.11667,4.08333) [1,3] " , " (337.467,337.36) [50,455] " , " (2.5,1) [1,2] " , " (2222.65,2210.72) [1000,4000] " , " (7,4.3) [0,7] " , " (2082.98,2149.4) [2000,2350] " , " (1,0) [1,2] " , " (35.05,39.3662) [15,30] " , " (18.5533,19.19) [616,1008] " , " (2.16667,2.41667) [2,4] " , " (1.9,2.18571) [1,2] " , " (15.65,16.0167) [8,9] " , " (0.9,0.9) [1,2] " , " (0,0) [2,3] " , " (0,0) [0,1] " , " (437.848,443.678) [8400,44800] " , " (0,3) [1,2] " , " (1,1.1) [1,2] "
37 , 12 , 82 , 125 , 117 , 174 , 171 , 219 , 244 , " (0,0) [0,1] " , " (2.16667,2.16667) [3,4] " , " (2,2) [1,2] " , " (6.11667,5.55) [3,4] " , " (376.987,376.387) [42000,72800] " , " (5.525,6.225) [1,3] " , " (262.643,301.937) [50,455] " , " (6,6) [1,2] " , " (2281.44,2544.37) [1000,4000] " , " (7.86,8.14) [0,7] " , " (2191.67,2138.43) [2000,2350] " , " (2,2) [1,2] " , " (24.565,24.4917) [15,30] " , " (10.0233,10.3233) [616,1008] " , " (4.16667,3.66667) [2,4] " , " (0,0) [1,2] " , " (11.9,10.9) [8,9] " , " (0.2,0.2) [1,2] " , " (0,0) [2,3] " , " (0,0) [0,1] " , " (258.329,284.105) [8400,44800] " , " (0,1) [1,2] " , " (0.1,0.1) [1,2] "
38 , 64 , 87 , 122 , 118 , 175 , 158 , 233 , 266 , " (0,0) [0,1] " , " (1.88333,2.21667) [3,4] " , " (1,1) [1,2] " , " (4.06667,3.06667) [3,4] " , " (685.815,719.365) [42000,72800] " , " (3.6,3.93333) [1,3] " , " (137.022,152.722) [50,455] " , " (2.16667,3) [1,2] " , " (4741.6,4137.53) [1000,4000] " , " (4.26,3.86) [0,7] " , " (2029.66,1946.04) [2000,2350] " , " (2.4,2.4) [1,2] " , " (36.6055,40.9539) [15,30] " , " (17.9333,16.45) [616,1008] " , " (3.44281,3.10948) [2,4] " , " (1,1) [1,2] " , " (13.75,12.75) [8,9] " , " (0.25,0.25) [1,2] " , " (0,0) [2,3] " , " (0,0) [0,1] " , " (200.199,170.373) [8400,44800] " , " (0.5,0.5) [1,2] " , " (0.1,0.1) [1,2] "
39 , 49 , 89 , 127 , 117 , 176 , 152 , 225 , 276 , " (0,0) [0,1] " , " (2.16667,2.16667) [3,4] " , " (1,1.07143) [1,2] " , " (10.25,7.71667) [3,4] " , " (1255.94,1053.81) [42000,72800] " , " (5.96667,4.78333) [1,3] " , " (218.618,261.46) [50,455] " , " (2.25,0) [1,2] " , " (2253.6,2275.49) [1000,4000] " , " (17.7,16.5257) [0,7] " , " (2250.35,2152.88) [2000,2350] " , " (1.83333,2.5) [1,2] " , " (22.556,19.8927) [15,30] " , " (16.18,17.8467) [616,1008] " , " (2.79104,3.42437) [2,4] " , " (0,0) [1,2] " , " (12.6,10.6) [8,9] " , " (0,0) [1,2] " , " (0,0) [2,3] " , " (0,0) [0,1] " , " (339.516,328.611) [8400,44800] " , " (3.33333,5.83333) [1,2] " , " (0.1,0.1) [1,2] "
40 , 40 , 92 , 136 , 120 , 182 , 157 , 221 , 260 , " (0,0) [0,1] " , " (2.16667,2.16667) [3,4] " , " (2,2) [1,2] " , " (4.76667,5.1) [3,4] " , " (1235.06,1238.85) [42000,72800] " , " (2.53333,3.44333) [1,3] " , " (276.662,254.505) [50,455] " , " (5,5.66667) [1,2] " , " (2050.99,2047.19) [1000,4000] " , " (10.28,6.18) [0,7] " , " (2293.4,2294.89) [2000,2350] " , " (1,1) [1,2] " , " (31.0137,25.1897) [15,30] " , " (9.385,10.4017) [616,1008] " , " (3.58,3.25) [2,4] " , " (2.07143,1.5) [1,2] " , " (8.25,9.13333) [8,9] " , " (1.75,1.75) [1,2] " , " (2,2) [2,3] " , " (0,0) [0,1] " , " (198.305,174.759) [8400,44800] " , " (0.75,0.75) [1,2] " , " (0.2,0.3) [1,2] "
41 , 33 , 86 , 122 , 118 , 158 , 143 , 210 , 267 , " (0,0) [0,1] " , " (2.83333,2.83333) [3,4] " , " (2.14286,2.14286) [1,2] " , " (6.23333,7.73333) [3,4] " , " (814.355,756.455) [42000,72800] " , " (4.13333,4.59333) [1,3] " , " (216.087,190.387) [50,455] " , " (3.66667,2) [1,2] " , " (5499.21,5221.39) [1000,4000] " , " (10.9914,11.5914) [0,7] " , " (2221.02,2338.94) [2000,2350] " , " (0.5,0.5) [1,2] " , " (30.7264,39.493) [15,30] " , " (13.6353,12.702) [616,1008] " , " (3.06863,3.06863) [2,4] " , " (1,2) [1,2] " , " (10.95,10.95) [8,9] " , " (0.64,0.64) [1,2] " , " (2,2) [2,3] " , " (0,0) [0,1] " , " (285.898,277.901) [8400,44800] " , " (1.5,1.5) [1,2] " , " (0.14,0.14) [1,2] "
42 , 78 , 103 , 121 , 132 , 186 , 183 , 228 , 282 , " (0,0) [0,1] " , " (1.66667,1.66667) [3,4] " , " (1,1) [1,2] " , " (2.2,9.2) [3,4] " , " (908.15,671.85) [42000,72800] " , " (3.61667,1.89167) [1,3] " , " (136.125,222.275) [50,455] " , " (3,3) [1,2] " , " (3666.36,3231) [1000,4000] " , " (1.72,18.92) [0,7] " , " (2039.8,2034.73) [2000,2350] " , " (1.16667,0.666667) [1,2] " , " (44.817,34.5506) [15,30] " , " (6.01667,4.76667) [616,1008] " , " (2.61814,2.61814) [2,4] " , " (3.57143,3.28571) [1,2] " , " (8.5,6) [8,9] " , " (0.75,0.75) [1,2] " , " (2,2) [2,3] " , " (0,0) [0,1] " , " (153.487,72.7471) [8400,44800] " , " (1.75,1.75) [1,2] " , " (0,0) [1,2] "
43 , 69 , 83 , 118 , 124 , 162 , 173 , 189 , 251 , " (0,0) [0,1] " , " (0.666667,0.666667) [3,4] " , " (1.93333,1.93333) [1,2] " , " (5.11667,4.2) [3,4] " , " (843.85,720.55) [42000,72800] " , " (5.73333,5.575) [1,3] " , " (219.467,209.1) [50,455] " , " (2,5) [1,2] " , " (2625.67,2919.59) [1000,4000] " , " (4.96,2.96) [0,7] " , " (2334.17,2013.73) [2000,2350] " , " (1.16667,1.16667) [1,2] " , " (27.7729,22.875) [15,30] " , " (12.7167,7.06667) [616,1008] " , " (6.22794,5.08333) [2,4] " , " (0,0) [1,2] " , " (11,8.5) [8,9] " , " (1,1) [1,2] " , " (2,2) [2,3] " , " (0,0) [0,1] " , " (287.428,218.956) [8400,44800] " , " (5,2) [1,2] " , " (0,0) [1,2] "
44 , 17 , 88 , 128 , 117 , 165 , 143 , 199 , 287 , " (1,1) [0,1] " , " (1.66667,1.66667) [3,4] " , " (2.5,1.5) [1,2] " , " (7.46667,6.26667) [3,4] " , " (616.157,670.5) [42000,72800] " , " (2.4,3.44333) [1,3] " , " (497.742,489.642) [50,455] " , " (3,2) [1,2] " , " (3156.84,3523.01) [1000,4000] " , " (8.93,7.97) [0,7] " , " (2117.04,2195.02) [2000,2350] " , " (0.4,0.4) [1,2] " , " (16.7832,30.3137) [15,30] " , " (10.9071,12.65) [616,1008] " , " (4.10294,4.26961) [2,4] " , " (0.285714,1) [1,2] " , " (4.5,6) [8,9] " , " (0.75,0.75) [1,2] " , " (3,3) [2,3] " , " (0,0) [0,1] " , " (234.236,238.234) [8400,44800] " , " (4,5) [1,2] " , " (1.78571,1.5) [1,2] "
45 , 6 , 90 , 132 , 134 , 152 , 145 , 228 , 294 , " (0,0) [0,1] " , " (0.666667,0.666667) [3,4] " , " (2.07143,2) [1,2] " , " (4.16667,3) [3,4] " , " (477.9,499.1) [42000,72800] " , " (3.21667,3.95) [1,3] " , " (582.417,534.55) [50,455] " , " (2,2) [1,2] " , " (1957.16,2112.07) [1000,4000] " , " (4.38571,1.9) [0,7] " , " (2027.44,2160.22) [2000,2350] " , " (1.33333,0.666667) [1,2] " , " (24.5587,31.6725) [15,30] " , " (15.4833,13.7167) [616,1008] " , " (4.85833,4.225) [2,4] " , " (0.285714,1) [1,2] " , " (9.5,12) [8,9] " , " (0.1,0.1) [1,2] " , " (0,0) [2,3] " , " (0,0) [0,1] " , " (161.328,148.025) [8400,44800] " , " (2.5,0.5) [1,2] " , " (3,5) [1,2] "
46 , 46 , 105 , 131 , 122 , 161 , 167 , 230 , 246 , " (0,0) [0,1] " , " (1.46667,0.8) [3,4] " , " (1,1) [1,2] " , " (2.33333,6.66667) [3,4] " , " (1266.6,1274.12) [42000,72800] " , " (3.195,3.01) [1,3] " , " (245.688,293.672) [50,455] " , " (1,1.66667) [1,2] " , " (2127.44,3158.57) [1000,4000] " , " (5.4,8.3) [0,7] " , " (2133.48,2196.41) [2000,2350] " , " (0.666667,0.666667) [1,2] " , " (29.6725,23.6975) [15,30] " , " (11.7717,11.055) [616,1008] " , " (3.71078,3.46078) [2,4] " , " (1.5,1) [1,2] " , " (11.3667,11.225) [8,9] " , " (2.55,2.65) [1,2] " , " (0,0) [2,3] " , " (0,0) [0,1] " , " (132.567,103.673) [8400,44800] " , " (3.25,2.25) [1,2] " , " (0.3,0.3) [1,2] "
47 , 48 , 85 , 118 , 130 , 154 , 156 , 209 , 261 , " (0,0) [0,1] " , " (2.71667,2.71667) [3,4] " , " (1.24359,1.24359) [1,2] " , " (2.35,1.85) [3,4] " , " (1642.25,1730.52) [42000,72800] " , " (4.85,5.59167) [1,3] " , " (122.225,81.8917) [50,455] " , " (0,2) [1,2] " , " (1552.89,1572.75) [1000,4000] " , " (2.75692,2.55692) [0,7] " , " (1878.18,1891.2) [2000,2350] " , " (0.333333,0.666667) [1,2] " , " (19.51,28.6542) [15,30] " , " (11.9033,11.82) [616,1008] " , " (1.85,2.1) [2,4] " , " (0,1) [1,2] " , " (13,12) [8,9] " , " (1.05,1.05) [1,2] " , " (0,0) [2,3] " , " (0,0) [0,1] " , " (365.9,475.973) [8400,44800] " , " (5,2.5) [1,2] " , " (0,0) [1,2] "
48 , 19 , 106 , 125 , 132 , 187 , 151 , 232 , 277 , " (0,0) [0,1] " , " (1.66667,1.66667) [3,4] " , " (0.466667,0.466667) [1,2] " , " (5.66667,5) [3,4] " , " (770.565,698.285) [42000,72800] " , " (5.175,3.37833) [1,3] " , " (486.043,452.346) [50,455] " , " (4,1) [1,2] " , " (2785.25,2300.04) [1000,4000] " , " (4.36,2.75) [0,7] " , " (2446.37,2432.65) [2000,2350] " , " (2.33333,2.33333) [1,2] " , " (33.1312,39.5007) [15,30] " , " (10.9049,11.1649) [616,1008] " , " (2,2.5) [2,4] " , " (1.5,2.78571) [1,2] " , " (8.354,7.254) [8,9] " , " (0.95,0.75) [1,2] " , " (5.2,5.2) [2,3] " , " (0,0) [0,1] " , " (261.144,173.192) [8400,44800] " , " (0,2) [1,2] " , " (1.61,1.61) [1,2] "
49 , 43 , 114 , 122 , 123 , 143 , 186 , 190 , 241 , " (2,2) [0,1] " , " (2.66667,2.66667) [3,4] " , " (0.5,0.5) [1,2] " , " (5.5,7.01667) [3,4] " , " (595.317,726.217) [42000,72800] " , " (3.71833,4.075) [1,3] " , " (175.008,240.425) [50,455] " , " (5.66667,6) [1,2] " , " (3372.14,3227.24) [1000,4000] " , " (2.85,8.14) [0,7] " , " (2013.61,2044.63) [2000,2350] " , " (1.26667,1.76667) [1,2] " , " (27.9574,18.224) [15,30] " , " (8.8,8.71667) [616,1008] " , " (2.78431,2.31765) [2,4] " , " (1,0) [1,2] " , " (8,8) [8,9] " , " (0.75,0.75) [1,2] " , " (2,2) [2,3] " , " (0,0) [0,1] " , " (187.169,258.761) [8400,44800] " , " (1,1) [1,2] " , " (0,0) [1,2] "
50 , 47 , 100 , 122 , 133 , 158 , 181 , 234 , 289 , " (0,0) [0,1] " , " (2.66667,2.66667) [3,4] " , " (1,1) [1,2] " , " (4.05,6.05) [3,4] " , " (646.767,741.017) [42000,72800] " , " (3.78333,3.7) [1,3] " , " (183.017,196.867) [50,455] " , " (5,2.83333) [1,2] " , " (3491.24,2976.75) [1000,4000] " , " (2.44,5.54) [0,7] " , " (1906.77,1928.07) [2000,2350] " , " (2.04,2.70667) [1,2] " , " (21.8925,17.4958) [15,30] " , " (10.4,9.78333) [616,1008] " , " (3.29167,2.625) [2,4] " , " (0,0) [1,2] " , " (9,9) [8,9] " , " (0.25,0.25) [1,2] " , " (2.66667,2.66667) [2,3] " , " (0,0) [0,1] " , " (223.105,262.26) [8400,44800] " , " (0.5,0.5) [1,2] " , " (0,0) [1,2] "
51 , 25 , 91 , 129 , 135 , 179 , 156 , 193 , 260 , " (0,0) [0,1] " , " (2.16667,2.16667) [3,4] " , " (2,2) [1,2] " , " (4.58333,3.41667) [3,4] " , " (761.583,820.483) [42000,72800] " , " (3.775,3.56667) [1,3] " , " (454.017,409.05) [50,455] " , " (4,3) [1,2] " , " (2823.44,2819.01) [1000,4000] " , " (7.5,8) [0,7] " , " (2232.74,2057.05) [2000,2350] " , " (1,0.666667) [1,2] " , " (38.0017,42.3525) [15,30] " , " (9.92667,9.84333) [616,1008] " , " (3.18333,3.18333) [2,4] " , " (2,2.5) [1,2] " , " (12.2,10.7) [8,9] " , " (1,1) [1,2] " , " (0,0) [2,3] " , " (0,0) [0,1] " , " (160.15,204.847) [8400,44800] " , " (0,0.5) [1,2] " , " (1.5,1.5) [1,2] "
52 , 33 , 85 , 135 , 126 , 151 , 157 , 201 , 242 , " (0,0) [0,1] " , " (3.83333,3.83333) [3,4] " , " (1.24359,1.24359) [1,2] " , " (7.9,10.4) [3,4] " , " (1113.08,1108.95) [42000,72800] " , " (3.57,6.46667) [1,3] " , " (207.939,216.849) [50,455] " , " (1.35,4.35) [1,2] " , " (4682.07,4773.54) [1000,4000] " , " (18.0969,19.0969) [0,7] " , " (2287.71,2402.18) [2000,2350] " , " (0,0) [1,2] " , " (30.7867,23.8133) [15,30] " , " (13.917,13.387) [616,1008] " , " (2.6,2.35) [2,4] " , " (2,1) [1,2] " , " (14.4,15.35) [8,9] " , " (0.34,0.34) [1,2] " , " (0,0) [2,3] " , " (0,0) [0,1] " , " (269.013,379.132) [8400,44800] " , " (3,1) [1,2] " , " (0.14,0.24) [1,2] "
53 , 50 , 103 , 125 , 126 , 164 , 150 , 230 , 242 , " (2,0) [0,1] " , " (1.66667,1.66667) [3,4] " , " (1,1) [1,2] " , " (4.75,5.75) [3,4] " , " (809.545,845.965) [42000,72800] " , " (2.83333,3.925) [1,3] " , " (160.335,161.185) [50,455] " , " (2.35,5.35) [1,2] " , " (2503.97,2483.1) [1000,4000] " , " (3.4,9) [0,7] " , " (2130.63,1944.18) [2000,2350] " , " (0,0) [1,2] " , " (26.8392,28.4609) [15,30] " , " (8.505,10.345) [616,1008] " , " (4.12745,3.66078) [2,4] " , " (1.5,1.5) [1,2] " , " (9.5,8.7) [8,9] " , " (0.5,0.6) [1,2] " , " (2,2) [2,3] " , " (0,0) [0,1] " , " (338.396,428.83) [8400,44800] " , " (3,1) [1,2] " , " (0,0) [1,2] "
54 , 65 , 111 , 130 , 132 , 163 , 161 , 206 , 247 , " (0,0) [0,1] " , " (2.71667,2.71667) [3,4] " , " (0.666667,0.666667) [1,2] " , " (2.76667,3.1) [3,4] " , " (1103.9,1057.76) [42000,72800] " , " (4.01667,4.15) [1,3] " , " (175.208,168.585) [50,455] " , " (1,1) [1,2] " , " (2146.44,1823.86) [1000,4000] " , " (3.67,1.87) [0,7] " , " (1945.38,2008.38) [2000,2350] " , " (2.33333,1) [1,2] " , " (22.7432,25.1569) [15,30] " , " (18.9167,17.37) [616,1008] " , " (3.20167,2.32667) [2,4] " , " (0,0.285714) [1,2] " , " (12.7,14.5667) [8,9] " , " (0.75,0.75) [1,2] " , " (0,0) [2,3] " , " (0,0) [0,1] " , " (283.529,267.222) [8400,44800] " , " (3,4) [1,2] " , " (0,0.1) [1,2] "
55 , 39 , 96 , 132 , 126 , 181 , 185 , 194 , 253 , " (0,0) [0,1] " , " (1.5,1.5) [3,4] " , " (1,1) [1,2] " , " (2.66667,2.53333) [3,4] " , " (634,485.95) [42000,72800] " , " (4.68333,5.06667) [1,3] " , " (146.927,179.343) [50,455] " , " (3.5,2) [1,2] " , " (1759.63,2147.18) [1000,4000] " , " (5.3,7.24) [0,7] " , " (1778.6,1780.43) [2000,2350] " , " (0.666667,0) [1,2] " , " (35.5329,34.38) [15,30] " , " (11.0933,10.3167) [616,1008] " , " (2,2.6) [2,4] " , " (1.78571,1.5) [1,2] " , " (8.3,8.5) [8,9] " , " (0.4,0.4) [1,2] " , " (2.33333,2.33333) [2,3] " , " (0,0) [0,1] " , " (309.262,385.332) [8400,44800] " , " (0.5,2.5) [1,2] " , " (0.1,0.1) [1,2] "
56 , 56 , 81 , 123 , 134 , 151 , 159 , 192 , 284 , " (0,0) [0,1] " , " (3.16667,3.16667) [3,4] " , " (0.833333,0.833333) [1,2] " , " (4.91667,4) [3,4] " , " (974.34,976.848) [42000,72800] " , " (1.83667,2.48333) [1,3] " , " (218.767,156.942) [50,455] " , " (4,4) [1,2] " , " (1726.08,1386.55) [1000,4000] " , " (7.55,2.5) [0,7] " , " (2242.18,2300.82) [2000,2350] " , " (1,1) [1,2] " , " (33.8233,33.54) [15,30] " , " (14.5433,12.9683) [616,1008] " , " (4.5,4) [2,4] " , " (1.5,1.5) [1,2] " , " (12.4,13.4) [8,9] " , " (0.9,0.9) [1,2] " , " (0.666667,0.666667) [2,3] " , " (0,0) [0,1] " , " (189.265,189.023) [8400,44800] " , " (2.5,0.5) [1,2] " , " (0,2.08333) [1,2] "
